[
  {
    "id": 1,
    "name": "张伟民",
    "gender": "男",
    "age": 52,
    "hospital": "北京协和医院",
    "department": "心血管内科"
  },
  {
    "id": 2,
    "name": "李淑华",
    "gender": "女",
    "age": 45,
    "hospital": "上海瑞金医院",
    "department": "皮肤科"
  },
  {
    "id": 3,
    "name": "王建国",
    "gender": "男",
    "age": 50,
    "hospital": "北京积水潭医院",
    "department": "骨科"
  },
  {
    "id": 4,
    "name": "陈静",
    "gender": "女",
    "age": 38,
    "hospital": "中山大学中山眼科中心",
    "department": "眼科"
  },
  {
    "id": 5,
    "name": "刘晓梅",
    "gender": "女",
    "age": 48,
    "hospital": "北京妇产医院",
    "department": "妇产科"
  },
  {
    "id": 6,
    "name": "赵强",
    "gender": "男",
    "age": 42,
    "hospital": "北京大学口腔医院",
    "department": "口腔科"
  },
  {
    "id": 7,
    "name": "孙志远",
    "gender": "男",
    "age": 58,
    "hospital": "北京天坛医院",
    "department": "神经外科"
  },
  {
    "id": 8,
    "name": "吴雨桐",
    "gender": "女",
    "age": 35,
    "hospital": "北京儿童医院",
    "department": "儿科"
  },
  {
    "id": 9,
    "name": "郑大为",
    "gender": "男",
    "age": 47,
    "hospital": "上海仁济医院",
    "department": "消化内科"
  },
  {
    "id": 10,
    "name": "林浩",
    "gender": "男",
    "age": 49,
    "hospital": "广州呼吸健康研究院",
    "department": "呼吸科"
  },
  {
    "id": 11,
    "name": "周雅萍",
    "gender": "女",
    "age": 40,
    "hospital": "上海精神卫生中心",
    "department": "心理科"
  },
  {
    "id": 12,
    "name": "冯博",
    "gender": "男",
    "age": 44,
    "hospital": "北京协和医院",
    "department": "普外科"
  }
]


