[
  {
    "id": 1,
    "doctorId": 1,
    "score": 5,
    "text": "医生非常专业，耐心详细地解释了病情和治疗方案，让人非常安心。"
  },
  {
    "id": 2,
    "doctorId": 1,
    "score": 4,
    "text": "问诊比较细致，等待时间稍微有点长，总体体验很好。"
  },
  {
    "id": 3,
    "doctorId": 2,
    "score": 5,
    "text": "对皮肤问题诊断准确，用药后很快见效，非常感谢。"
  },
  {
    "id": 4,
    "doctorId": 3,
    "score": 5,
    "text": "手术安排合理，术前术后沟通充分，是一位值得信赖的骨科专家。"
  },
  {
    "id": 5,
    "doctorId": 4,
    "score": 4,
    "text": "检查很仔细，给出了多种矫正方案供选择，体验不错。"
  },
  {
    "id": 6,
    "doctorId": 5,
    "score": 5,
    "text": "非常温柔细心的医生，对孕期各种问题都解释得很清楚。"
  },
  {
    "id": 7,
    "doctorId": 6,
    "score": 4,
    "text": "补牙过程几乎不疼，对治疗步骤讲解得也很到位。"
  },
  {
    "id": 8,
    "doctorId": 7,
    "score": 5,
    "text": "技术水平很高，手术过程顺利，恢复也比预期快。"
  },
  {
    "id": 9,
    "doctorId": 8,
    "score": 5,
    "text": "对小朋友很有耐心，能用孩子听得懂的方式沟通，家长很放心。"
  },
  {
    "id": 10,
    "doctorId": 9,
    "score": 4,
    "text": "针对消化问题给出了详细的生活方式建议，效果正在慢慢显现。"
  },
  {
    "id": 11,
    "doctorId": 10,
    "score": 5,
    "text": "呼吸问题改善明显，后续随访也很及时，整体体验非常好。"
  },
  {
    "id": 12,
    "doctorId": 11,
    "score": 5,
    "text": "非常善于倾听，给出的建议很有针对性，让人感觉被理解和支持。"
  },
  {
    "id": 13,
    "doctorId": 12,
    "score": 4,
    "text": "手术安排得井井有条，住院期间也经常查房关心病情。"
  }
]




